id,Consequence
O95479_1:9230648:A:G,upstream_gene_variant
O95479_1:9231607:T:C,upstream_gene_variant
O95479_1:9232547:G:A,upstream_gene_variant
O95479_1:9234844:C:G,5_prime_UTR_variant
O95479_1:9235385:T:C,upstream_gene_variant
O95479_1:9235735:G:C,upstream_gene_variant
O95479_1:9240549:T:C,intron_variant
O95479_1:9240618:T:C,intron_variant
O95479_1:9246790:T:C,intron_variant
O95479_1:9247839:G:C,intron_variant
O95479_1:9247955:G:T,intron_variant
O95479_1:9247978:C:T,intron_variant
O95479_1:9248090:T:C,intron_variant
O95479_1:9248907:C:G,intron_variant
O95479_1:9249687:G:T,intron_variant
O95479_1:9249981:G:A,intron_variant
O95479_1:9250596:T:C,intron_variant
O95479_1:9259182:C:T,intron_variant
O95479_1:9259945:G:T,intron_variant
P00748_5:177406414:G:A,upstream_gene_variant
P00748_5:177409531:A:G,5_prime_UTR_variant
P00748_5:177412889:T:G,upstream_gene_variant
P00748_5:177412897:T:C,upstream_gene_variant
P00748_5:177414338:T:C,upstream_gene_variant
P02008_16:147670:A:G,upstream_gene_variant
P02008_16:149541:G:A,upstream_gene_variant
P02008_16:150074:A:G,upstream_gene_variant
P02008_16:151184:T:C,upstream_gene_variant
P02008_16:151390:C:A,upstream_gene_variant
P02008_16:151839:C:A,upstream_gene_variant
P02008_16:153255:A:G,intron_variant
P02008_16:157612:T:C,downstream_gene_variant
P02008_16:159052:A:G,downstream_gene_variant
P05089_6:131576138:C:T,upstream_gene_variant
P05089_6:131577068:T:C,intron_variant
P05091_12:111792215:G:C,upstream_gene_variant
P05091_12:111803962:G:A,missense_variant
P07476_1:152905746:A:G,upstream_gene_variant
P07476_1:152906433:A:G,upstream_gene_variant
P07476_1:152906620:T:C,upstream_gene_variant
P07476_1:152909173:T:C,intron_variant
P07476_1:152909202:G:A,intron_variant
P07476_1:152913024:C:T,downstream_gene_variant
P07476_1:152913437:G:A,downstream_gene_variant
P09488_1:109702864:T:G,intron_variant
P09488_1:109703414:G:C,intron_variant
P09488_1:109704188:G:A,intron_variant
P09488_1:109704542:C:T,intron_variant
P09488_1:109704618:C:A,intron_variant
P09488_1:109706554:T:C,intron_variant
P09488_1:109707546:G:A,intron_variant
P09488_1:109709124:G:A,downstream_gene_variant
P09488_1:109709469:G:A,downstream_gene_variant
P09488_1:109709640:G:C,downstream_gene_variant
P09488_1:109709692:A:C,downstream_gene_variant
P09488_1:109710619:A:C,downstream_gene_variant
P09488_1:109710933:C:T,downstream_gene_variant
P09488_1:109711119:A:C,downstream_gene_variant
P09488_1:109711774:C:G,downstream_gene_variant
P09488_1:109711789:C:T,downstream_gene_variant
P09488_1:109712552:T:G,downstream_gene_variant
P09488_1:109712974:C:G,downstream_gene_variant
P10253_17:80096545:C:A,upstream_gene_variant
P10253_17:80096549:G:C,upstream_gene_variant
P10253_17:80096753:A:G,upstream_gene_variant
P10253_17:80096972:C:T,upstream_gene_variant
P10253_17:80097448:A:G,upstream_gene_variant
P10253_17:80097528:C:A,upstream_gene_variant
P10253_17:80097991:A:G,upstream_gene_variant
P10253_17:80098293:T:C,upstream_gene_variant
P10253_17:80098494:T:G,upstream_gene_variant
P10253_17:80098510:G:A,upstream_gene_variant
P10253_17:80098676:T:C,upstream_gene_variant
P10253_17:80099098:C:T,upstream_gene_variant
P10253_17:80099317:T:C,upstream_gene_variant
P10253_17:80099341:G:A,upstream_gene_variant
P10253_17:80099402:G:A,upstream_gene_variant
P10253_17:80099556:A:G,upstream_gene_variant
P10253_17:80099763:A:G,upstream_gene_variant
P10253_17:80099790:T:C,upstream_gene_variant
P10253_17:80099924:T:C,upstream_gene_variant
P10253_17:80100647:A:C,upstream_gene_variant
P10253_17:80100669:A:G,upstream_gene_variant
P10253_17:80102561:A:C,intron_variant
P10253_17:80103080:G:T,downstream_gene_variant
P10253_17:80103257:G:C,downstream_gene_variant
P10253_17:80105506:C:G,downstream_gene_variant
P10253_17:80105682:C:G,downstream_gene_variant
P10253_17:80105710:T:G,downstream_gene_variant
P10253_17:80105745:C:G,splice_region_variant
P10253_17:80105798:A:G,missense_variant
P10253_17:80105870:G:A,missense_variant
P10253_17:80106038:A:G,downstream_gene_variant
P10253_17:80106568:G:C,downstream_gene_variant
P10253_17:80106645:T:C,downstream_gene_variant
P10253_17:80106972:T:C,upstream_gene_variant
P10253_17:80106998:C:T,upstream_gene_variant
P10253_17:80107066:G:A,upstream_gene_variant
P10253_17:80107116:C:T,upstream_gene_variant
P10253_17:80107123:C:A,upstream_gene_variant
P10253_17:80107143:C:G,upstream_gene_variant
P10253_17:80107144:A:G,upstream_gene_variant
P10253_17:80107341:T:C,upstream_gene_variant
P10253_17:80107752:T:C,upstream_gene_variant
P10253_17:80107908:G:A,upstream_gene_variant
P10253_17:80108206:C:T,upstream_gene_variant
P10253_17:80108705:G:A,synonymous_variant
P10253_17:80108960:G:A,upstream_gene_variant
P10253_17:80109431:G:A,upstream_gene_variant
P10253_17:80109676:A:G,upstream_gene_variant
P10253_17:80110507:A:G,upstream_gene_variant
P10253_17:80110619:G:A,upstream_gene_variant
P10253_17:80110708:G:C,upstream_gene_variant
P10253_17:80110889:C:A,upstream_gene_variant
P10253_17:80111235:G:A,upstream_gene_variant
P10253_17:80112072:G:A,missense_variant
P10253_17:80112204:C:G,upstream_gene_variant
P10253_17:80112732:G:A,upstream_gene_variant
P10253_17:80113242:G:A,missense_variant
P10253_17:80113310:A:G,synonymous_variant
P10253_17:80113461:C:T,upstream_gene_variant
P10253_17:80113629:G:A,upstream_gene_variant
P10253_17:80114519:A:G,upstream_gene_variant
P10253_17:80114567:C:A,upstream_gene_variant
P10253_17:80114574:A:T,upstream_gene_variant
P10253_17:80116321:G:A,upstream_gene_variant
P10253_17:80116432:G:A,upstream_gene_variant
P10253_17:80119045:C:T,intron_variant
P10253_17:80122388:T:G,downstream_gene_variant
P10253_17:80122635:G:A,downstream_gene_variant
P10253_17:80123162:C:T,downstream_gene_variant
P10253_17:80123786:T:C,downstream_gene_variant
P22570_17:74858371:G:T,downstream_gene_variant
P22570_17:74865305:T:C,downstream_gene_variant
P22570_17:74865852:A:G,downstream_gene_variant
P22570_17:74865869:T:C,downstream_gene_variant
P22570_17:74866033:G:T,downstream_gene_variant
P22570_17:74866471:T:C,missense_variant
P22570_17:74866687:C:T,intron_variant
P22570_17:74866908:C:T,missense_variant
P22570_17:74867156:G:A,intron_variant
P22570_17:74867354:A:G,intron_variant
P22570_17:74867383:A:G,downstream_gene_variant
P22570_17:74867861:T:C,downstream_gene_variant
P22570_17:74867961:G:A,downstream_gene_variant
P22570_17:74868284:T:C,downstream_gene_variant
P22570_17:74868645:G:A,5_prime_UTR_variant
P22570_17:74869347:A:G,upstream_gene_variant
P22570_17:74869639:G:A,upstream_gene_variant
P22570_17:74870554:A:G,upstream_gene_variant
P22570_17:74870585:A:C,upstream_gene_variant
P22570_17:74870602:T:C,upstream_gene_variant
P22570_17:74870962:G:A,upstream_gene_variant
P22570_17:74872953:G:A,5_prime_UTR_variant
P31939_2:215307503:G:A,upstream_gene_variant
P31939_2:215308121:G:A,upstream_gene_variant
P31939_2:215310072:C:T,upstream_gene_variant
P31939_2:215312057:C:T,5_prime_UTR_variant
P31939_2:215312101:C:T,5_prime_UTR_variant
P31939_2:215313439:C:T,intron_variant
P31939_2:215320969:C:G,intron_variant
P31939_2:215322561:A:T,intron_variant
P31939_2:215325931:C:T,intron_variant
P31939_2:215326792:C:T,downstream_gene_variant
P31939_2:215328076:G:A,downstream_gene_variant
P31939_2:215328377:C:G,downstream_gene_variant
P31939_2:215328606:C:T,downstream_gene_variant
P31939_2:215328638:T:C,downstream_gene_variant
P31939_2:215328978:A:G,downstream_gene_variant
P31939_2:215330448:G:A,upstream_gene_variant
P31939_2:215330907:C:A,upstream_gene_variant
P31939_2:215331234:G:C,upstream_gene_variant
P31939_2:215331240:A:C,upstream_gene_variant
P31939_2:215331322:G:T,upstream_gene_variant
P31939_2:215331460:A:G,upstream_gene_variant
P31939_2:215333074:G:A,upstream_gene_variant
P31939_2:215333248:T:C,upstream_gene_variant
P31939_2:215333651:C:T,upstream_gene_variant
P31939_2:215336184:C:G,upstream_gene_variant
P31939_2:215340544:A:G,intron_variant
P31939_2:215345513:C:T,upstream_gene_variant
P31939_2:215347891:T:C,upstream_gene_variant
P36969_19:1100875:C:T,upstream_gene_variant
P36969_19:1103769:A:T,upstream_gene_variant
P36969_19:1103786:C:T,upstream_gene_variant
P45954_10:123009067:G:A,missense_variant
P45954_10:123009703:C:T,intron_variant
P45954_10:123011339:C:G,intron_variant
P45954_10:123012013:C:G,intron_variant
P45954_10:123014024:G:C,intron_variant
P45954_10:123016282:A:T,intron_variant
P45954_10:123017636:C:T,intron_variant
P45954_10:123022358:T:G,intron_variant
P45954_10:123030672:G:A,intron_variant
P45954_10:123030716:A:G,intron_variant
P45954_10:123032040:T:C,intron_variant
P45954_10:123033536:T:C,intron_variant
P45954_10:123033549:A:C,intron_variant
P50452_18:63987229:A:G,missense_variant
Q12860_12:40688466:A:G,upstream_gene_variant
Q12860_12:40688597:A:G,upstream_gene_variant
Q12860_12:40689475:G:A,upstream_gene_variant
Q12860_12:40690643:G:A,upstream_gene_variant
Q12860_12:40693015:T:A,intron_variant
Q12860_12:40694036:C:G,intron_variant
Q12860_12:40696336:T:C,intron_variant
Q12860_12:40696523:A:G,intron_variant
Q12860_12:40696782:G:T,intron_variant
Q12860_12:40696793:A:C,intron_variant
Q12860_12:40698008:T:G,intron_variant
Q12860_12:40698262:G:C,intron_variant
Q12860_12:40698864:G:A,intron_variant
Q12860_12:40699596:A:G,intron_variant
Q12860_12:40700195:C:T,intron_variant
Q12860_12:40701007:C:T,intron_variant
Q12860_12:40702210:A:G,intron_variant
Q12860_12:40702677:T:C,intron_variant
Q12860_12:40702738:G:A,intron_variant
Q12860_12:40703443:C:T,intron_variant
Q12860_12:40703584:G:T,intron_variant
Q12860_12:40705369:T:C,intron_variant
Q12860_12:40705705:C:T,intron_variant
Q12860_12:40705845:G:T,intron_variant
Q12860_12:40705921:A:C,intron_variant
Q12860_12:40706030:T:C,intron_variant
Q12860_12:40706295:C:A,intron_variant
Q12860_12:40707384:G:A,intron_variant
Q12860_12:40707484:C:T,intron_variant
Q12860_12:40707992:A:T,intron_variant
Q12860_12:40709241:G:A,intron_variant
Q12860_12:40709298:G:A,intron_variant
Q12860_12:40709724:A:G,intron_variant
Q12860_12:40709993:C:T,intron_variant
Q12860_12:40710576:G:A,intron_variant
Q12860_12:40711499:C:T,intron_variant
Q12860_12:40712796:C:T,intron_variant
Q12860_12:40712967:G:T,intron_variant
Q12860_12:40713981:G:A,intron_variant
Q12860_12:40714260:A:G,intron_variant
Q12860_12:40714346:C:A,intron_variant
Q12860_12:40714781:C:T,intron_variant
Q12860_12:40714901:G:A,intron_variant
Q12860_12:40714960:A:G,intron_variant
Q12860_12:40716698:G:A,intron_variant
Q12860_12:40717714:G:A,intron_variant
Q12860_12:40718166:G:T,intron_variant
Q12860_12:40718426:G:A,intron_variant
Q12860_12:40718508:C:T,intron_variant
Q12860_12:40719024:A:G,intron_variant
Q12860_12:40719906:C:T,intron_variant
Q12860_12:40720910:A:T,intron_variant
Q12860_12:40723036:G:C,intron_variant
Q12860_12:40724731:C:T,intron_variant
Q12860_12:40724870:T:C,intron_variant
Q12860_12:40726388:A:G,intron_variant
Q12860_12:40726859:T:C,intron_variant
Q12860_12:40728425:A:G,intron_variant
Q12860_12:40729849:G:A,intron_variant
Q12860_12:40729891:C:T,intron_variant
Q12860_12:40729919:A:T,intron_variant
Q12860_12:40733457:C:A,intron_variant
Q12860_12:40738270:C:G,upstream_gene_variant
Q12860_12:40743122:A:T,intron_variant
Q13586_11:4091970:A:G,3_prime_UTR_variant
Q16769_2:37369198:A:C,downstream_gene_variant
Q16769_2:37370243:T:C,downstream_gene_variant
Q16769_2:37370947:C:T,downstream_gene_variant
Q16769_2:37371278:T:C,downstream_gene_variant
Q16769_2:37371369:G:A,downstream_gene_variant
Q16769_2:37371855:A:G,downstream_gene_variant
Q16769_2:37372084:T:C,downstream_gene_variant
Q16769_2:37372194:C:G,downstream_gene_variant
Q16769_2:37372545:A:G,downstream_gene_variant
Q16769_2:37372820:A:C,missense_variant
Q16769_2:37372845:G:T,3_prime_UTR_variant
Q16769_2:37373284:A:G,3_prime_UTR_variant
Q16769_2:37373444:T:C,downstream_gene_variant
Q16769_2:37373665:C:T,downstream_gene_variant
Q16769_2:37373768:G:A,downstream_gene_variant
Q16769_2:37373778:T:A,downstream_gene_variant
Q16769_2:37374065:A:G,downstream_gene_variant
Q16769_2:37374441:G:A,downstream_gene_variant
Q16769_2:37375627:T:G,downstream_gene_variant
Q5T440_1:228174981:G:A,missense_variant
Q5T440_1:228181161:T:C,3_prime_UTR_variant
Q5T440_1:228183051:C:T,downstream_gene_variant
Q7Z3D6_14:91142244:G:A,intron_variant
Q7Z3D6_14:91144657:T:C,upstream_gene_variant
Q7Z3D6_14:91147296:C:T,upstream_gene_variant
Q7Z3D6_14:91149139:C:T,intron_variant
Q7Z3D6_14:91149242:T:C,intron_variant
Q7Z3D6_14:91150950:G:A,intron_variant
Q7Z3D6_14:91151300:C:T,intron_variant
Q7Z3D6_14:91153435:G:A,upstream_gene_variant
Q7Z3D6_14:91153616:G:T,upstream_gene_variant
Q7Z3D6_14:91154810:A:G,upstream_gene_variant
Q7Z3D6_14:91156239:G:A,upstream_gene_variant
Q7Z3D6_14:91165016:G:A,downstream_gene_variant
Q7Z3D6_14:91166427:G:A,upstream_gene_variant
Q7Z3D6_14:91170051:C:T,synonymous_variant
Q7Z3D6_14:91170188:C:T,splice_donor_variant
Q7Z3D6_14:91176829:T:A,downstream_gene_variant
Q7Z3D6_14:91177777:T:C,downstream_gene_variant
Q86WV6_5:139477397:C:T,missense_variant
Q86WV6_5:139477755:T:C,downstream_gene_variant
Q86WV6_5:139478340:C:G,missense_variant
Q86WV6_5:139481019:C:T,upstream_gene_variant
Q86WV6_5:139481493:C:T,missense_variant
Q86WV6_5:139485838:G:A,upstream_gene_variant
Q86WV6_5:139486507:T:C,upstream_gene_variant
Q86WV6_5:139486846:G:A,upstream_gene_variant
Q8N5N7_9:101390508:G:C,synonymous_variant
Q8N5N7_9:101390564:G:A,missense_variant
Q8N5N7_9:101398056:T:C,intron_variant
Q96BW5_10:16509768:T:C,intron_variant
Q96BW5_10:16510852:T:G,intron_variant
Q96BW5_10:16511356:A:G,3_prime_UTR_variant
Q96BW5_10:16511959:T:C,3_prime_UTR_variant
Q96BW5_10:16513333:A:G,3_prime_UTR_variant
Q96BW5_10:16513465:T:C,3_prime_UTR_variant
Q96BW5_10:16517587:G:C,downstream_gene_variant
Q96BW5_10:16518437:T:C,downstream_gene_variant
Q96BW5_10:16518536:C:T,downstream_gene_variant
Q96BW5_10:16518714:T:C,downstream_gene_variant
Q96EY8_12:109552564:T:C,downstream_gene_variant
Q96EY8_12:109554327:C:G,3_prime_UTR_variant
Q99829_20:35623804:G:T,downstream_gene_variant
Q99829_20:35624229:G:A,downstream_gene_variant
Q99829_20:35624405:C:A,downstream_gene_variant
Q99829_20:35626446:T:C,downstream_gene_variant
Q99829_20:35628088:C:T,upstream_gene_variant
Q99829_20:35628354:A:G,upstream_gene_variant
Q99829_20:35629387:A:C,upstream_gene_variant
Q99829_20:35629461:G:A,upstream_gene_variant
Q99829_20:35630069:C:G,upstream_gene_variant
Q99829_20:35630251:C:T,upstream_gene_variant
Q99829_20:35630751:G:C,missense_variant
Q99829_20:35631574:T:C,missense_variant
Q99829_20:35632065:A:C,upstream_gene_variant
Q99829_20:35632068:A:C,upstream_gene_variant
Q99829_20:35632072:T:C,upstream_gene_variant
Q99829_20:35633233:G:T,upstream_gene_variant
Q99829_20:35633901:G:C,upstream_gene_variant
Q99829_20:35634890:T:C,upstream_gene_variant
Q99829_20:35636976:A:C,upstream_gene_variant
Q99829_20:35637380:C:T,upstream_gene_variant
Q99829_20:35639578:C:T,intron_variant
Q99829_20:35639741:C:A,intron_variant
Q99829_20:35640427:T:A,intron_variant
Q99829_20:35640758:C:T,intron_variant
Q99829_20:35640944:A:G,intron_variant
Q99829_20:35641024:T:C,intron_variant
Q99829_20:35641150:A:T,intron_variant
Q99829_20:35644493:G:T,intron_variant
Q99829_20:35645356:T:C,intron_variant
Q99829_20:35646698:T:G,intron_variant
Q99829_20:35646878:A:G,intron_variant
Q99829_20:35647600:C:T,intron_variant
Q99829_20:35651460:C:T,intron_variant
Q99829_20:35655095:C:T,upstream_gene_variant
Q99829_20:35656182:T:A,upstream_gene_variant
Q99829_20:35656907:T:C,upstream_gene_variant
Q99829_20:35657457:A:G,upstream_gene_variant
Q99829_20:35658002:C:T,upstream_gene_variant
Q99829_20:35659780:G:A,intron_variant
Q99829_20:35660144:C:T,intron_variant
Q99829_20:35660969:T:A,intron_variant
Q99829_20:35661138:C:A,intron_variant
Q99829_20:35661139:C:T,intron_variant
Q99829_20:35664060:G:C,intron_variant
Q99829_20:35664084:C:T,intron_variant
Q99829_20:35664732:A:G,upstream_gene_variant
Q99829_20:35664934:G:A,5_prime_UTR_variant
Q99829_20:35665565:G:A,upstream_gene_variant
Q99829_20:35665734:C:G,upstream_gene_variant
Q99829_20:35669362:G:T,upstream_gene_variant
Q9H7C9_11:77819825:C:A,upstream_gene_variant
Q9H7C9_11:77819907:T:C,upstream_gene_variant
Q9H7C9_11:77819997:G:C,upstream_gene_variant
Q9H7C9_11:77820480:C:G,upstream_gene_variant
Q9H7C9_11:77821417:T:C,intron_variant
Q9H7C9_11:77821662:G:C,intron_variant
Q9H7C9_11:77823309:A:G,intron_variant
Q9H7C9_11:77825395:T:C,intron_variant
Q9H7C9_11:77827903:G:A,intron_variant
Q9H7C9_11:77827912:A:G,intron_variant
Q9H7C9_11:77828039:G:A,intron_variant
Q9H7C9_11:77829903:C:T,intron_variant
Q9H7C9_11:77834824:A:C,intron_variant
Q9H7C9_11:77839734:G:C,upstream_gene_variant
Q9H7C9_11:77840050:G:A,upstream_gene_variant
Q9H7C9_11:77841941:T:C,downstream_gene_variant
Q9H7C9_11:77842592:T:C,synonymous_variant
Q9H7C9_11:77843775:G:A,downstream_gene_variant
Q9H7C9_11:77843899:G:T,downstream_gene_variant
Q9H7C9_11:77850987:G:A,intron_variant
Q9H7C9_11:77852298:C:T,intron_variant
Q9H7C9_11:77854831:C:T,intron_variant
Q9H7C9_11:77855008:A:G,intron_variant
Q9H7C9_11:77855311:A:T,intron_variant
Q9H7C9_11:77855803:A:G,intron_variant
Q9H7C9_11:77856538:G:A,intron_variant
Q9H7C9_11:77856635:C:T,intron_variant
Q9H7C9_11:77858064:G:T,intron_variant
Q9H7C9_11:77858738:T:C,intron_variant
Q9H7C9_11:77863559:C:T,intron_variant
Q9H7C9_11:77863651:T:A,intron_variant
Q9H7C9_11:77864593:C:T,intron_variant
Q9H7C9_11:77864595:G:A,intron_variant
Q9H7C9_11:77866818:C:A,intron_variant
Q9H7C9_11:77869949:G:A,intron_variant
Q9H7C9_11:77870370:T:A,intron_variant
Q9H7C9_11:77870398:G:A,intron_variant
Q9H7C9_11:77870598:A:G,intron_variant
Q9H7C9_11:77871697:C:T,intron_variant
Q9H7C9_11:77872220:G:A,missense_variant
Q9H7C9_11:77873092:C:T,upstream_gene_variant
Q9H7C9_11:77873823:G:C,upstream_gene_variant
Q9H7C9_11:77875312:G:A,upstream_gene_variant
Q9H7C9_11:77875363:G:A,upstream_gene_variant
Q9H7C9_11:77878603:A:G,intron_variant
Q9H7C9_11:77881150:A:T,intron_variant
Q9H7C9_11:77881899:T:G,intron_variant
Q9H7C9_11:77882175:C:T,intron_variant
Q9H7C9_11:77882301:A:G,intron_variant
Q9H7C9_11:77884034:C:T,intron_variant
Q9H7C9_11:77884596:A:G,intron_variant
Q9H7C9_11:77884671:C:T,intron_variant
Q9H7C9_11:77885727:G:A,intron_variant
Q9H7C9_11:77886053:A:T,intron_variant
Q9H7C9_11:77886440:C:T,intron_variant
Q9H7C9_11:77886521:C:T,intron_variant
Q9H7C9_11:77886748:G:C,intron_variant
Q9H7C9_11:77886793:C:T,intron_variant
Q9H7C9_11:77887534:G:C,intron_variant
Q9H7C9_11:77888504:A:T,intron_variant
Q9H7C9_11:77888530:T:C,intron_variant
Q9H7C9_11:77888617:T:C,intron_variant
Q9H7C9_11:77889315:A:G,intron_variant
Q9H7C9_11:77892215:G:C,intron_variant
Q9H7C9_11:77892474:T:C,intron_variant
Q9H7C9_11:77893025:G:A,intron_variant
Q9H7C9_11:77893450:A:G,intron_variant
Q9H7C9_11:77895171:G:A,intron_variant
Q9H7C9_11:77896391:C:G,intron_variant
Q9H7C9_11:77896435:G:C,intron_variant
Q9H7C9_11:77896543:T:C,intron_variant
Q9H7C9_11:77897055:A:G,intron_variant
Q9H7C9_11:77897060:G:A,intron_variant
Q9H7C9_11:77899174:G:C,intron_variant
Q9H7C9_11:77899788:T:C,intron_variant
Q9H7C9_11:77915917:A:T,intron_variant
Q9HA64_17:82717229:G:C,upstream_gene_variant
Q9HA64_17:82719095:C:G,upstream_gene_variant
Q9HA64_17:82721166:T:C,upstream_gene_variant
Q9HA64_17:82721579:T:A,upstream_gene_variant
Q9HA64_17:82722518:T:C,upstream_gene_variant
Q9HA64_17:82722713:G:A,upstream_gene_variant
Q9HA64_17:82723196:T:C,upstream_gene_variant
Q9HA64_17:82723238:T:G,upstream_gene_variant
Q9HA64_17:82724877:T:C,upstream_gene_variant
Q9HA64_17:82724902:A:G,upstream_gene_variant
Q9HA64_17:82725544:G:A,upstream_gene_variant
Q9HBL7_9:5363068:T:C,intron_variant
Q9HBL7_9:5372048:A:C,intron_variant
Q9HBL7_9:5372514:C:T,intron_variant
Q9HBL7_9:5372520:A:T,intron_variant
Q9HBL7_9:5372724:G:T,intron_variant
Q9HBL7_9:5375221:T:C,intron_variant
Q9HBL7_9:5381870:A:G,intron_variant
Q9HBL7_9:5383460:C:G,intron_variant
Q9NZ08_5:96757286:A:G,downstream_gene_variant
Q9NZ08_5:96758990:T:G,downstream_gene_variant
Q9NZ08_5:96766240:A:G,intron_variant
Q9NZ08_5:96771498:G:T,downstream_gene_variant
Q9NZ08_5:96774231:T:G,downstream_gene_variant
Q9NZ08_5:96778846:G:A,downstream_gene_variant
Q9NZ08_5:96781596:G:A,upstream_gene_variant
Q9NZ08_5:96783148:G:C,missense_variant
Q9NZ08_5:96783569:A:G,upstream_gene_variant
Q9NZ08_5:96784350:G:C,upstream_gene_variant
Q9NZ08_5:96784466:G:A,upstream_gene_variant
Q9NZ08_5:96784555:C:T,upstream_gene_variant
Q9NZ08_5:96784751:C:T,upstream_gene_variant
Q9NZ08_5:96785820:C:T,synonymous_variant
Q9NZ08_5:96786011:C:T,upstream_gene_variant
Q9NZ08_5:96786290:A:G,downstream_gene_variant
Q9NZ08_5:96786556:T:G,splice_region_variant
Q9NZ08_5:96786577:A:C,downstream_gene_variant
Q9NZ08_5:96787352:A:G,upstream_gene_variant
Q9NZ08_5:96787385:C:T,upstream_gene_variant
Q9NZ08_5:96787422:T:C,upstream_gene_variant
Q9NZ08_5:96787457:T:C,upstream_gene_variant
Q9NZ08_5:96787507:C:T,upstream_gene_variant
Q9NZ08_5:96787561:C:A,upstream_gene_variant
Q9NZ08_5:96787633:T:C,upstream_gene_variant
Q9NZ08_5:96787963:G:T,upstream_gene_variant
Q9NZ08_5:96788039:C:A,upstream_gene_variant
Q9NZ08_5:96788627:T:C,missense_variant
Q9NZ08_5:96788744:G:C,upstream_gene_variant
Q9NZ08_5:96789256:T:G,upstream_gene_variant
Q9NZ08_5:96789762:G:A,upstream_gene_variant
Q9NZ08_5:96790207:C:T,upstream_gene_variant
Q9NZ08_5:96790494:A:G,upstream_gene_variant
Q9NZ08_5:96790605:A:G,synonymous_variant
Q9NZ08_5:96792202:T:C,splice_polypyrimidine_tract_variant
Q9NZ08_5:96792697:G:T,upstream_gene_variant
Q9NZ08_5:96793809:A:G,synonymous_variant
Q9NZ08_5:96794099:G:A,upstream_gene_variant
Q9NZ08_5:96794311:T:C,upstream_gene_variant
Q9NZ08_5:96794312:G:C,upstream_gene_variant
Q9NZ08_5:96796030:G:A,upstream_gene_variant
Q9NZ08_5:96796090:C:T,upstream_gene_variant
Q9NZ08_5:96797092:G:A,upstream_gene_variant
Q9NZ08_5:96797331:T:C,upstream_gene_variant
Q9NZ08_5:96797724:C:T,upstream_gene_variant
Q9NZ08_5:96798009:A:C,upstream_gene_variant
Q9NZ08_5:96798217:C:T,upstream_gene_variant
Q9NZ08_5:96798410:A:G,upstream_gene_variant
Q9NZ08_5:96798532:G:A,upstream_gene_variant
Q9NZ08_5:96801793:G:A,downstream_gene_variant
Q9NZ08_5:96802101:A:G,downstream_gene_variant
Q9NZ08_5:96802137:A:G,downstream_gene_variant
Q9NZ08_5:96802179:A:G,downstream_gene_variant
Q9NZ08_5:96803064:T:C,downstream_gene_variant
Q9NZ08_5:96803109:A:G,downstream_gene_variant
Q9NZ08_5:96803158:C:T,downstream_gene_variant
Q9NZ08_5:96803547:C:G,missense_variant
Q9NZ08_5:96803761:C:T,missense_variant
Q9NZ08_5:96804664:C:T,intron_variant
Q9NZ08_5:96804743:T:C,intron_variant
Q9NZ08_5:96804838:T:G,5_prime_UTR_variant
Q9NZ08_5:96804839:G:A,5_prime_UTR_variant
Q9NZ08_5:96804926:A:T,5_prime_UTR_variant
Q9NZ08_5:96807103:G:C,intron_variant
Q9NZ08_5:96807580:G:C,intron_variant
Q9NZ08_5:96811096:A:T,upstream_gene_variant
Q9NZ08_5:96812030:A:G,upstream_gene_variant
Q9NZ08_5:96812074:T:C,upstream_gene_variant
Q9NZ08_5:96812663:C:T,upstream_gene_variant
Q9UBF2_7:130535860:G:A,intron_variant
Q9UBF2_7:130538323:G:T,intron_variant
Q9UBF2_7:130546550:G:T,downstream_gene_variant
Q9UBF2_7:130550642:C:T,synonymous_variant
Q9UBF2_7:130602330:T:G,intron_variant
Q9UBF2_7:130611657:G:A,intron_variant
Q9UFN0_9:104742981:A:G,upstream_gene_variant
Q9UFN0_9:104743606:C:A,upstream_gene_variant
Q9UFN0_9:104743748:C:T,upstream_gene_variant
Q9UFN0_9:104743997:G:C,upstream_gene_variant
Q9UFN0_9:104745542:G:A,upstream_gene_variant
Q9UFN0_9:104747419:T:A,upstream_gene_variant
Q9UFN0_9:104748608:G:C,upstream_gene_variant
Q9UFN0_9:104751639:C:T,upstream_gene_variant
Q9UFN0_9:104759442:T:G,3_prime_UTR_variant
Q9Y6N5_15:45665752:T:A,intron_variant
Q9Y6N5_15:45666511:G:A,intron_variant
Q9Y6N5_15:45667316:A:T,intron_variant
Q9Y6N5_15:45676237:T:C,missense_variant
Q9Y6N5_15:45679968:T:C,upstream_gene_variant
Q9Y6N5_15:45681728:C:T,upstream_gene_variant
Q9Y6N5_15:45685994:C:G,intron_variant
Q9Y6N5_15:45686448:G:A,intron_variant
Q9Y6N5_15:45686648:C:A,intron_variant
Q9Y6N5_15:45688749:A:G,intron_variant
Q9Y6N5_15:45689643:C:A,downstream_gene_variant
Q9Y6N5_15:45689662:C:T,downstream_gene_variant
P01860_14:105495031:C:T,downstream_gene_variant
P01860_14:105495797:T:C,downstream_gene_variant
P01860_14:105498101:T:C,downstream_gene_variant
P01860_14:105500865:G:A,downstream_gene_variant
P01860_14:105502574:G:A,downstream_gene_variant
P01860_14:105502641:T:A,downstream_gene_variant
P01860_14:105504678:C:T,downstream_gene_variant
P01860_14:105505383:C:T,downstream_gene_variant
P01860_14:105505632:A:C,downstream_gene_variant
P01860_14:105505984:G:A,downstream_gene_variant
P01860_14:105508366:A:G,downstream_gene_variant
P01860_14:105508522:A:G,downstream_gene_variant
P01860_14:105509628:C:T,downstream_gene_variant
P01860_14:105509871:C:T,downstream_gene_variant
P01860_14:105518506:G:A,downstream_gene_variant
P01860_14:105519190:C:G,downstream_gene_variant
P01860_14:105525087:T:C,downstream_gene_variant
P01860_14:105525514:C:T,downstream_gene_variant
P01860_14:105525782:G:A,downstream_gene_variant
P01860_14:105525839:T:C,downstream_gene_variant
P01860_14:105526123:T:C,downstream_gene_variant
P01860_14:105526917:T:A,downstream_gene_variant
P01860_14:105527946:G:A,downstream_gene_variant
P01860_14:105528255:A:G,downstream_gene_variant
P01860_14:105529197:G:A,downstream_gene_variant
P01860_14:105529782:C:T,downstream_gene_variant
P01860_14:105531244:G:C,downstream_gene_variant
P01860_14:105531884:C:T,downstream_gene_variant
P01860_14:105532278:T:C,downstream_gene_variant
P01860_14:105532661:G:C,downstream_gene_variant
P01860_14:105585086:C:T,downstream_gene_variant
P02008_16:161106:T:G,downstream_gene_variant
P05089_6:131590515:A:T,downstream_gene_variant
P05089_6:131593424:T:A,downstream_gene_variant
P05089_6:131596239:A:G,downstream_gene_variant
P05089_6:131597699:A:T,downstream_gene_variant
P05089_6:131603549:G:A,downstream_gene_variant
P05089_6:131605194:C:T,downstream_gene_variant
P05089_6:131605867:C:G,downstream_gene_variant
P05089_6:131606868:G:T,downstream_gene_variant
P05089_6:131608611:T:G,downstream_gene_variant
P05089_6:131609952:T:C,downstream_gene_variant
P05089_6:131613846:G:A,downstream_gene_variant
P05089_6:131613849:T:C,downstream_gene_variant
P05089_6:131614266:T:C,downstream_gene_variant
P05089_6:131619344:T:C,downstream_gene_variant
P05089_6:131619750:A:C,downstream_gene_variant
P05089_6:131629093:T:G,downstream_gene_variant
P05089_6:131629261:T:C,downstream_gene_variant
P05089_6:131629347:G:C,downstream_gene_variant
P05089_6:131629658:A:G,downstream_gene_variant
P05089_6:131638899:T:C,downstream_gene_variant
P05089_6:131639758:A:G,downstream_gene_variant
P05089_6:131644732:G:T,downstream_gene_variant
P05089_6:131645893:G:A,downstream_gene_variant
P05089_6:131648251:C:T,downstream_gene_variant
P05089_6:131650967:C:T,downstream_gene_variant
P05089_6:131651591:G:C,downstream_gene_variant
P05089_6:131652792:C:G,downstream_gene_variant
P05091_12:110867846:C:T,upstream_gene_variant
P05091_12:110867867:C:T,upstream_gene_variant
P05091_12:110868514:G:A,upstream_gene_variant
P05091_12:110870941:C:T,upstream_gene_variant
P05091_12:110871861:A:G,upstream_gene_variant
P05091_12:110876923:A:G,upstream_gene_variant
P05091_12:110877739:G:T,upstream_gene_variant
P05091_12:110881562:A:G,upstream_gene_variant
P05091_12:110881920:A:T,upstream_gene_variant
P05091_12:110883920:G:A,upstream_gene_variant
P05091_12:110886135:G:A,upstream_gene_variant
P05091_12:110887461:T:C,upstream_gene_variant
P05091_12:110887633:T:A,upstream_gene_variant
P05091_12:110891423:G:A,upstream_gene_variant
P05091_12:110893212:G:A,upstream_gene_variant
P05091_12:110893352:T:A,upstream_gene_variant
P05091_12:110893361:G:A,upstream_gene_variant
P05091_12:110893881:C:T,upstream_gene_variant
P05091_12:110895420:C:T,upstream_gene_variant
P05091_12:110895818:T:C,upstream_gene_variant
P05091_12:110896313:T:C,upstream_gene_variant
P05091_12:110896514:A:G,upstream_gene_variant
P05091_12:110896571:C:T,upstream_gene_variant
P05091_12:110897556:T:C,upstream_gene_variant
P05091_12:110897952:A:G,upstream_gene_variant
P05091_12:110898756:A:T,upstream_gene_variant
P05091_12:110900087:A:G,upstream_gene_variant
P05091_12:110900990:C:T,upstream_gene_variant
P05091_12:110902439:T:C,upstream_gene_variant
P05091_12:110902984:A:G,upstream_gene_variant
P05091_12:110903222:A:G,upstream_gene_variant
P05091_12:110904116:G:T,upstream_gene_variant
P05091_12:110904117:A:T,upstream_gene_variant
P05091_12:110904121:T:C,upstream_gene_variant
P05091_12:110904213:A:G,upstream_gene_variant
P05091_12:110904918:T:C,upstream_gene_variant
P05091_12:110905196:A:T,upstream_gene_variant
P05091_12:110905639:A:C,upstream_gene_variant
P05091_12:110906817:G:T,upstream_gene_variant
P05091_12:110908578:C:T,upstream_gene_variant
P05091_12:110911419:A:G,upstream_gene_variant
P05091_12:110912045:A:G,upstream_gene_variant
P05091_12:110912653:G:A,upstream_gene_variant
P05091_12:110912727:G:A,upstream_gene_variant
P05091_12:110912851:A:G,upstream_gene_variant
P05091_12:110912967:C:T,upstream_gene_variant
P05091_12:110913382:C:T,upstream_gene_variant
P05091_12:110913635:T:G,upstream_gene_variant
P05091_12:110913795:A:C,upstream_gene_variant
P05091_12:110914133:C:T,upstream_gene_variant
P05091_12:110914674:A:G,upstream_gene_variant
P05091_12:110915752:A:G,upstream_gene_variant
P05091_12:110915958:C:T,upstream_gene_variant
P05091_12:110916302:T:C,upstream_gene_variant
P05091_12:110916819:C:T,upstream_gene_variant
P05091_12:110916896:C:T,upstream_gene_variant
P05091_12:110916899:A:T,upstream_gene_variant
P05091_12:110917296:A:T,upstream_gene_variant
P05091_12:110917402:G:T,upstream_gene_variant
P05091_12:110917802:G:A,upstream_gene_variant
P05091_12:110918794:A:G,upstream_gene_variant
P05091_12:110919270:T:A,upstream_gene_variant
P05091_12:110919667:C:T,upstream_gene_variant
P05091_12:110919923:G:A,upstream_gene_variant
P05091_12:110929440:C:T,upstream_gene_variant
P05091_12:110948323:T:C,upstream_gene_variant
P05091_12:110951633:C:G,upstream_gene_variant
P05091_12:110976657:T:G,upstream_gene_variant
P05091_12:111080689:A:G,upstream_gene_variant
P05091_12:111144803:G:T,upstream_gene_variant
P05091_12:111258724:T:C,upstream_gene_variant
P05091_12:111268089:A:G,upstream_gene_variant
P05091_12:111269073:C:T,upstream_gene_variant
P05091_12:111280427:C:A,upstream_gene_variant
P05091_12:111504689:T:C,upstream_gene_variant
P05091_12:111647692:T:C,upstream_gene_variant
P05091_12:111672685:T:C,upstream_gene_variant
P05091_12:111681367:T:C,upstream_gene_variant
P05091_12:111702865:A:G,upstream_gene_variant
P05091_12:111730205:G:A,upstream_gene_variant
P05091_12:111900120:G:A,downstream_gene_variant
P05091_12:112030402:C:T,downstream_gene_variant
P05091_12:112074109:G:C,downstream_gene_variant
P05091_12:112080999:G:A,downstream_gene_variant
P05091_12:112095970:C:T,downstream_gene_variant
P05091_12:112114470:C:T,downstream_gene_variant
P05091_12:112136812:C:T,downstream_gene_variant
P05091_12:112207597:G:A,downstream_gene_variant
P05091_12:112298314:A:G,downstream_gene_variant
P05091_12:112379979:T:A,downstream_gene_variant
P05091_12:112396782:A:G,downstream_gene_variant
P05091_12:112413478:C:T,downstream_gene_variant
P05091_12:112464520:C:T,downstream_gene_variant
P05091_12:112485589:G:A,downstream_gene_variant
P05091_12:112492671:T:C,downstream_gene_variant
P05091_12:112680092:G:T,downstream_gene_variant
P07476_1:152871666:G:A,upstream_gene_variant
P07476_1:152872109:C:T,upstream_gene_variant
P07476_1:152873924:G:A,upstream_gene_variant
P07476_1:152874075:T:G,upstream_gene_variant
P07476_1:152874145:A:G,upstream_gene_variant
P07476_1:152874246:G:A,upstream_gene_variant
P07476_1:152874247:A:G,upstream_gene_variant
P07476_1:152875416:T:C,upstream_gene_variant
P07476_1:152876147:C:A,upstream_gene_variant
P07476_1:152876363:G:A,upstream_gene_variant
P07476_1:152876823:A:G,upstream_gene_variant
P07476_1:152877093:T:C,upstream_gene_variant
P07476_1:152877846:G:T,upstream_gene_variant
P07476_1:152878430:G:A,upstream_gene_variant
P07476_1:152878462:A:C,upstream_gene_variant
P07476_1:152878839:C:T,upstream_gene_variant
P07476_1:152879222:C:A,upstream_gene_variant
P07476_1:152879331:C:T,upstream_gene_variant
P07476_1:152880661:T:C,upstream_gene_variant
P07476_1:152880802:T:C,upstream_gene_variant
P07476_1:152880926:G:C,upstream_gene_variant
P07476_1:152881110:G:A,upstream_gene_variant
P07476_1:152881717:A:G,upstream_gene_variant
P07476_1:152881784:A:G,upstream_gene_variant
P07476_1:152882124:T:C,upstream_gene_variant
P07476_1:152882195:C:T,upstream_gene_variant
P07476_1:152882448:A:G,upstream_gene_variant
P07476_1:152882656:G:C,upstream_gene_variant
P07476_1:152883608:G:C,upstream_gene_variant
P07476_1:152883826:A:G,upstream_gene_variant
P07476_1:152889520:G:A,upstream_gene_variant
P07476_1:152897018:A:G,upstream_gene_variant
P07476_1:152899424:C:T,upstream_gene_variant
P07476_1:152900409:G:A,upstream_gene_variant
P07476_1:152901620:G:A,upstream_gene_variant
P07476_1:152917468:G:A,downstream_gene_variant
P07476_1:152917602:G:A,downstream_gene_variant
P07476_1:152917662:G:A,downstream_gene_variant
P07476_1:152918128:A:G,downstream_gene_variant
P08637_1:161628031:T:G,upstream_gene_variant
P08637_1:161669674:G:A,upstream_gene_variant
P09488_1:109665467:A:T,upstream_gene_variant
P09488_1:109669059:G:C,upstream_gene_variant
P09488_1:109669671:C:A,upstream_gene_variant
P09488_1:109669912:T:C,upstream_gene_variant
P09488_1:109670294:G:A,upstream_gene_variant
P09488_1:109670378:T:A,upstream_gene_variant
P09488_1:109672545:G:C,upstream_gene_variant
P09488_1:109672546:T:A,upstream_gene_variant
P09488_1:109672556:A:G,upstream_gene_variant
P09488_1:109674419:C:G,upstream_gene_variant
P09488_1:109676391:G:A,upstream_gene_variant
P09488_1:109676500:C:T,upstream_gene_variant
P09488_1:109677464:C:G,upstream_gene_variant
P09488_1:109682810:G:A,upstream_gene_variant
P09488_1:109716394:G:T,downstream_gene_variant
P09488_1:109716740:G:A,downstream_gene_variant
P09488_1:109718945:G:A,downstream_gene_variant
P09488_1:109726206:A:C,downstream_gene_variant
P09488_1:109726664:G:A,downstream_gene_variant
P09488_1:109727978:C:G,downstream_gene_variant
P09488_1:109728085:T:C,downstream_gene_variant
P09488_1:109728612:G:C,downstream_gene_variant
P09488_1:109728835:T:A,downstream_gene_variant
P09488_1:109731435:C:G,downstream_gene_variant
P09488_1:109733122:A:G,downstream_gene_variant
P09488_1:109733239:T:C,downstream_gene_variant
P09488_1:109734781:T:C,downstream_gene_variant
P09488_1:109736405:C:T,downstream_gene_variant
P09488_1:109737079:C:T,downstream_gene_variant
P09488_1:109737292:C:T,downstream_gene_variant
P09488_1:109750234:G:C,downstream_gene_variant
P09488_1:109753150:T:C,downstream_gene_variant
P09488_1:109753268:C:G,downstream_gene_variant
P09488_1:109753395:C:T,downstream_gene_variant
P09488_1:109753667:T:C,downstream_gene_variant
P09488_1:109753716:C:T,downstream_gene_variant
P09488_1:109755544:G:C,downstream_gene_variant
P09488_1:109756430:T:G,downstream_gene_variant
P10253_17:80031017:C:T,upstream_gene_variant
P10253_17:80031975:G:T,upstream_gene_variant
P10253_17:80032119:T:A,upstream_gene_variant
P10253_17:80042587:A:G,upstream_gene_variant
P10253_17:80051984:G:A,upstream_gene_variant
P10253_17:80059209:C:T,upstream_gene_variant
P10253_17:80063267:G:C,upstream_gene_variant
P10253_17:80064335:C:A,upstream_gene_variant
P10253_17:80072419:G:A,upstream_gene_variant
P10253_17:80073338:C:T,upstream_gene_variant
P10253_17:80074230:G:C,upstream_gene_variant
P10253_17:80078098:A:G,upstream_gene_variant
P10253_17:80078102:T:C,upstream_gene_variant
P10253_17:80080303:T:G,upstream_gene_variant
P10253_17:80080807:C:G,upstream_gene_variant
P10253_17:80084633:G:A,upstream_gene_variant
P10253_17:80086944:C:T,upstream_gene_variant
P10253_17:80087475:C:T,upstream_gene_variant
P10253_17:80091182:T:G,upstream_gene_variant
P10253_17:80092818:G:A,upstream_gene_variant
P10253_17:80094525:T:C,upstream_gene_variant
P10253_17:80095149:C:T,upstream_gene_variant
P10253_17:80095525:C:A,upstream_gene_variant
P10253_17:80095568:G:A,upstream_gene_variant
P10253_17:80125206:A:G,downstream_gene_variant
P10253_17:80126891:T:A,downstream_gene_variant
P10253_17:80128718:C:T,downstream_gene_variant
P10253_17:80131252:G:A,downstream_gene_variant
P10253_17:80133078:C:T,downstream_gene_variant
P10253_17:80141096:T:A,downstream_gene_variant
P10253_17:80141192:T:C,downstream_gene_variant
P10253_17:80148608:T:G,downstream_gene_variant
P10253_17:80149531:T:C,downstream_gene_variant
P10253_17:80151287:A:G,downstream_gene_variant
P10253_17:80155136:G:A,downstream_gene_variant
P10253_17:80157976:A:G,downstream_gene_variant
P10253_17:80159706:G:C,downstream_gene_variant
P10253_17:80162290:T:C,downstream_gene_variant
P10253_17:80162652:T:C,downstream_gene_variant
P10253_17:80162948:T:C,downstream_gene_variant
P10253_17:80164156:A:G,downstream_gene_variant
P10253_17:80164397:G:A,downstream_gene_variant
P10253_17:80164891:T:A,downstream_gene_variant
P10253_17:80165416:G:A,downstream_gene_variant
P10253_17:80166153:G:T,downstream_gene_variant
P10253_17:80168120:A:G,downstream_gene_variant
P10253_17:80169449:T:C,downstream_gene_variant
P10253_17:80169890:C:T,downstream_gene_variant
P10253_17:80172630:G:C,downstream_gene_variant
P22570_17:74795932:G:A,downstream_gene_variant
P22570_17:74796614:A:G,downstream_gene_variant
P22570_17:74797594:A:G,downstream_gene_variant
P22570_17:74798235:A:G,downstream_gene_variant
P22570_17:74800563:G:A,downstream_gene_variant
P22570_17:74802021:A:G,downstream_gene_variant
P22570_17:74802095:C:T,downstream_gene_variant
P22570_17:74802259:G:A,downstream_gene_variant
P22570_17:74802293:A:G,downstream_gene_variant
P22570_17:74803201:G:A,downstream_gene_variant
P22570_17:74804005:T:C,downstream_gene_variant
P22570_17:74804768:A:G,downstream_gene_variant
P22570_17:74804983:G:A,downstream_gene_variant
P22570_17:74805248:T:C,downstream_gene_variant
P22570_17:74805470:G:A,downstream_gene_variant
P22570_17:74805567:G:C,downstream_gene_variant
P22570_17:74806626:T:C,downstream_gene_variant
P22570_17:74809627:C:T,downstream_gene_variant
P22570_17:74810882:G:A,downstream_gene_variant
P22570_17:74811045:T:C,downstream_gene_variant
P22570_17:74811425:C:T,downstream_gene_variant
P22570_17:74811463:G:C,downstream_gene_variant
P22570_17:74812508:C:T,downstream_gene_variant
P22570_17:74815204:A:G,downstream_gene_variant
P22570_17:74816840:T:C,downstream_gene_variant
P22570_17:74817688:G:C,downstream_gene_variant
P22570_17:74818248:A:G,downstream_gene_variant
P22570_17:74820628:C:T,downstream_gene_variant
P22570_17:74825817:G:C,downstream_gene_variant
P22570_17:74826364:T:C,downstream_gene_variant
P22570_17:74826399:C:G,downstream_gene_variant
P22570_17:74826556:A:C,downstream_gene_variant
P22570_17:74826589:G:A,downstream_gene_variant
P22570_17:74826817:G:A,downstream_gene_variant
P22570_17:74826880:G:A,downstream_gene_variant
P22570_17:74827066:T:C,downstream_gene_variant
P22570_17:74830939:G:A,downstream_gene_variant
P22570_17:74831184:T:A,downstream_gene_variant
P22570_17:74831185:C:T,downstream_gene_variant
P22570_17:74831546:C:G,downstream_gene_variant
P22570_17:74833746:A:G,downstream_gene_variant
P22570_17:74834259:T:C,downstream_gene_variant
P22570_17:74834293:G:A,downstream_gene_variant
P22570_17:74834732:G:A,downstream_gene_variant
P22570_17:74835893:C:G,downstream_gene_variant
P22570_17:74836789:G:A,downstream_gene_variant
P22570_17:74838446:A:G,downstream_gene_variant
P22570_17:74838815:C:A,downstream_gene_variant
P22570_17:74842510:C:A,downstream_gene_variant
P22570_17:74844982:G:A,downstream_gene_variant
P22570_17:74846437:T:C,downstream_gene_variant
P22570_17:74846457:G:A,downstream_gene_variant
P22570_17:74847239:C:T,downstream_gene_variant
P22570_17:74847784:G:A,downstream_gene_variant
P22570_17:74848026:C:T,downstream_gene_variant
P22570_17:74848353:A:G,downstream_gene_variant
P22570_17:74848566:G:A,downstream_gene_variant
P22570_17:74849096:G:T,downstream_gene_variant
P22570_17:74849182:G:A,downstream_gene_variant
P22570_17:74851066:C:T,downstream_gene_variant
P22570_17:74851409:G:T,downstream_gene_variant
P22570_17:74852661:C:G,downstream_gene_variant
P22570_17:74852689:A:G,downstream_gene_variant
P22570_17:74852788:G:T,downstream_gene_variant
P22570_17:74852859:A:G,downstream_gene_variant
P22570_17:74853040:T:C,downstream_gene_variant
P22570_17:74853217:G:C,downstream_gene_variant
P22570_17:74854034:G:A,downstream_gene_variant
P22570_17:74855246:G:A,downstream_gene_variant
P22570_17:74855289:C:T,downstream_gene_variant
P22570_17:74856037:G:A,downstream_gene_variant
P22570_17:74857308:A:G,downstream_gene_variant
P22570_17:74880688:A:G,upstream_gene_variant
P31939_2:215306478:C:T,upstream_gene_variant
P31939_2:215359967:C:A,downstream_gene_variant
P31939_2:215362464:C:T,downstream_gene_variant
P31939_2:215369934:G:A,downstream_gene_variant
P36969_19:1097157:A:G,upstream_gene_variant
P36969_19:1097324:T:C,upstream_gene_variant
Q12860_12:40657694:C:T,upstream_gene_variant
Q12860_12:40662947:A:G,upstream_gene_variant
Q12860_12:40672023:T:G,upstream_gene_variant
Q12860_12:40672458:C:T,upstream_gene_variant
Q12860_12:40674905:A:C,upstream_gene_variant
Q12860_12:40684464:A:G,upstream_gene_variant
Q12860_12:40686693:T:C,upstream_gene_variant
Q15369_8:74113282:T:C,upstream_gene_variant
Q15369_8:74113999:C:T,upstream_gene_variant
Q5T440_1:228196836:T:C,downstream_gene_variant
Q5T440_1:228203290:A:G,downstream_gene_variant
Q5T440_1:228210109:C:A,downstream_gene_variant
Q5T440_1:228223554:G:C,downstream_gene_variant
Q5T440_1:228223623:G:A,downstream_gene_variant
Q5T440_1:228247838:C:G,downstream_gene_variant
Q5T440_1:228256596:T:G,downstream_gene_variant
Q5T440_1:228269037:A:C,downstream_gene_variant
Q5T440_1:228283345:C:T,downstream_gene_variant
Q5T440_1:228297043:T:C,downstream_gene_variant
Q5T440_1:228301358:G:A,downstream_gene_variant
Q5T440_1:228312214:G:C,downstream_gene_variant
Q5T440_1:228322815:G:T,downstream_gene_variant
Q5T440_1:228337307:G:A,downstream_gene_variant
Q5T440_1:228339589:A:G,downstream_gene_variant
Q5T440_1:228362949:T:A,downstream_gene_variant
Q5T440_1:228369570:C:T,downstream_gene_variant
Q86WV6_5:139468316:C:T,downstream_gene_variant
Q86WV6_5:139468909:G:A,downstream_gene_variant
Q96BW5_10:16520330:C:T,downstream_gene_variant
Q96EY8_12:109447569:G:A,downstream_gene_variant
Q96EY8_12:109510100:C:T,downstream_gene_variant
Q96EY8_12:109531108:G:A,downstream_gene_variant
Q96EY8_12:109534232:G:A,downstream_gene_variant
Q96EY8_12:109544773:T:A,downstream_gene_variant
Q99829_20:35609697:T:C,downstream_gene_variant
Q99829_20:35610412:A:G,downstream_gene_variant
Q99829_20:35612055:G:A,downstream_gene_variant
Q99829_20:35613898:C:A,downstream_gene_variant
Q99829_20:35617113:G:A,downstream_gene_variant
Q99829_20:35619975:C:T,downstream_gene_variant
Q99829_20:35671474:A:G,upstream_gene_variant
Q99829_20:35673204:C:T,upstream_gene_variant
Q99829_20:35678961:A:T,upstream_gene_variant
Q99829_20:35679464:A:G,upstream_gene_variant
Q99829_20:35681303:G:T,upstream_gene_variant
Q99829_20:35681655:A:G,upstream_gene_variant
Q99829_20:35682344:C:T,upstream_gene_variant
Q99829_20:35683170:C:G,upstream_gene_variant
Q99829_20:35683652:C:T,upstream_gene_variant
Q99829_20:35683852:G:A,upstream_gene_variant
Q99829_20:35683939:G:C,upstream_gene_variant
Q99829_20:35684302:A:G,upstream_gene_variant
Q99829_20:35686039:G:C,upstream_gene_variant
Q99829_20:35690968:T:C,upstream_gene_variant
Q99829_20:35694131:A:G,upstream_gene_variant
Q99829_20:35696767:G:A,upstream_gene_variant
Q99829_20:35697520:C:T,upstream_gene_variant
Q99829_20:35698329:G:T,upstream_gene_variant
Q99829_20:35700304:T:C,upstream_gene_variant
Q99829_20:35700328:G:C,upstream_gene_variant
Q99829_20:35701083:T:C,upstream_gene_variant
Q99829_20:35701728:T:A,upstream_gene_variant
Q99829_20:35702115:C:T,upstream_gene_variant
Q99829_20:35702359:A:G,upstream_gene_variant
Q99829_20:35702809:C:A,upstream_gene_variant
Q99829_20:35703244:A:C,upstream_gene_variant
Q99829_20:35705039:C:A,upstream_gene_variant
Q99829_20:35706093:C:T,upstream_gene_variant
Q99829_20:35710241:T:C,upstream_gene_variant
Q99829_20:35710269:T:C,upstream_gene_variant
Q99829_20:35711811:C:A,upstream_gene_variant
Q99829_20:35711929:C:T,upstream_gene_variant
Q99829_20:35712534:C:T,upstream_gene_variant
Q99829_20:35713949:C:T,upstream_gene_variant
Q99829_20:35714951:G:A,upstream_gene_variant
Q99829_20:35715487:T:G,upstream_gene_variant
Q99829_20:35715980:C:A,upstream_gene_variant
Q99829_20:35716114:G:A,upstream_gene_variant
Q99829_20:35716302:A:C,upstream_gene_variant
Q99829_20:35716861:C:A,upstream_gene_variant
Q99829_20:35717523:C:T,upstream_gene_variant
Q99829_20:35718602:A:G,upstream_gene_variant
Q99829_20:35718801:A:G,upstream_gene_variant
Q99829_20:35718893:T:C,upstream_gene_variant
Q99829_20:35718953:C:T,upstream_gene_variant
Q99829_20:35719052:G:A,upstream_gene_variant
Q99829_20:35719325:C:G,upstream_gene_variant
Q99829_20:35720028:T:C,upstream_gene_variant
Q99829_20:35720666:A:G,upstream_gene_variant
Q99829_20:35721004:C:T,upstream_gene_variant
Q99829_20:35721094:A:C,upstream_gene_variant
Q99829_20:35722193:A:G,upstream_gene_variant
Q99829_20:35722590:T:C,upstream_gene_variant
Q99829_20:35722835:C:G,upstream_gene_variant
Q99829_20:35724381:G:A,upstream_gene_variant
Q99829_20:35724407:G:A,upstream_gene_variant
Q99829_20:35724736:A:G,upstream_gene_variant
Q99829_20:35724791:C:T,upstream_gene_variant
Q99829_20:35724912:C:T,upstream_gene_variant
Q99829_20:35725375:C:T,upstream_gene_variant
Q99829_20:35725504:C:T,upstream_gene_variant
Q99829_20:35726192:C:T,upstream_gene_variant
Q99829_20:35726218:G:A,upstream_gene_variant
Q99829_20:35726803:C:T,upstream_gene_variant
Q99829_20:35727583:C:T,upstream_gene_variant
Q99829_20:35727755:T:C,upstream_gene_variant
Q99829_20:35727869:G:T,upstream_gene_variant
Q99829_20:35728296:A:G,upstream_gene_variant
Q99829_20:35730989:C:T,upstream_gene_variant
Q99829_20:35731196:A:T,upstream_gene_variant
Q99829_20:35731421:A:G,upstream_gene_variant
Q99829_20:35731843:A:C,upstream_gene_variant
Q99829_20:35731853:A:T,upstream_gene_variant
Q99829_20:35732331:G:A,upstream_gene_variant
Q99829_20:35732837:C:T,upstream_gene_variant
Q99829_20:35733404:T:C,upstream_gene_variant
Q99829_20:35733973:A:G,upstream_gene_variant
Q99829_20:35734424:T:C,upstream_gene_variant
Q99829_20:35734496:A:G,upstream_gene_variant
Q99829_20:35735631:T:C,upstream_gene_variant
Q99829_20:35735854:C:T,upstream_gene_variant
Q99829_20:35736176:G:A,upstream_gene_variant
Q99829_20:35736294:C:A,upstream_gene_variant
Q99829_20:35736534:A:T,upstream_gene_variant
Q99829_20:35736562:A:C,upstream_gene_variant
Q99829_20:35736726:T:C,upstream_gene_variant
Q99829_20:35737429:A:G,upstream_gene_variant
Q99829_20:35737548:G:A,upstream_gene_variant
Q99829_20:35737710:A:G,upstream_gene_variant
Q99829_20:35738264:A:T,upstream_gene_variant
Q99829_20:35739237:T:A,upstream_gene_variant
Q99829_20:35740926:C:T,upstream_gene_variant
Q99829_20:35741437:T:C,upstream_gene_variant
Q99829_20:35741625:A:G,upstream_gene_variant
Q99829_20:35743032:G:A,upstream_gene_variant
Q99829_20:35743808:T:C,upstream_gene_variant
Q99829_20:35744115:T:C,upstream_gene_variant
Q99829_20:35745016:A:G,upstream_gene_variant
Q99829_20:35745093:C:G,upstream_gene_variant
Q99829_20:35747137:A:G,upstream_gene_variant
Q99829_20:35747822:A:G,upstream_gene_variant
Q99829_20:35747939:T:G,upstream_gene_variant
Q99829_20:35748505:A:G,upstream_gene_variant
Q99829_20:35748798:C:T,upstream_gene_variant
Q99829_20:35748815:A:G,upstream_gene_variant
Q99829_20:35749152:T:C,upstream_gene_variant
Q99829_20:35749558:G:A,upstream_gene_variant
Q99829_20:35750468:A:G,upstream_gene_variant
Q99829_20:35751278:G:A,upstream_gene_variant
Q99829_20:35751517:G:A,upstream_gene_variant
Q99829_20:35751932:G:A,upstream_gene_variant
Q99829_20:35752353:T:C,upstream_gene_variant
Q99829_20:35755082:G:A,upstream_gene_variant
Q99829_20:35755589:T:C,upstream_gene_variant
Q99829_20:35756162:C:T,upstream_gene_variant
Q99829_20:35756303:T:A,upstream_gene_variant
Q99829_20:35756304:A:C,upstream_gene_variant
Q99829_20:35756488:G:T,upstream_gene_variant
Q99829_20:35756860:G:A,upstream_gene_variant
Q99829_20:35757025:G:A,upstream_gene_variant
Q99829_20:35757474:C:A,upstream_gene_variant
Q99829_20:35757788:G:A,upstream_gene_variant
Q99829_20:35758102:A:C,upstream_gene_variant
Q99829_20:35758580:A:G,upstream_gene_variant
Q99829_20:35759880:T:C,upstream_gene_variant
Q99829_20:35762201:A:G,upstream_gene_variant
Q99829_20:35762384:T:C,upstream_gene_variant
Q99829_20:35762424:G:A,upstream_gene_variant
Q99829_20:35762744:C:T,upstream_gene_variant
Q99829_20:35763554:T:C,upstream_gene_variant
Q99829_20:35764013:G:A,upstream_gene_variant
Q99829_20:35764492:C:G,upstream_gene_variant
Q99829_20:35765215:C:G,upstream_gene_variant
Q99829_20:35765356:A:G,upstream_gene_variant
Q99829_20:35766268:C:T,upstream_gene_variant
Q99829_20:35767346:G:C,upstream_gene_variant
Q99829_20:35767601:C:G,upstream_gene_variant
Q99829_20:35769086:C:T,upstream_gene_variant
Q99829_20:35770605:T:C,upstream_gene_variant
Q99829_20:35770730:C:A,upstream_gene_variant
Q99829_20:35771665:G:A,upstream_gene_variant
Q99829_20:35772093:C:G,upstream_gene_variant
Q99829_20:35777190:G:T,upstream_gene_variant
Q99829_20:35783991:A:C,upstream_gene_variant
Q99829_20:35785019:C:G,upstream_gene_variant
Q99829_20:35785312:G:C,upstream_gene_variant
Q99829_20:35788564:A:G,upstream_gene_variant
Q99829_20:35790707:C:T,upstream_gene_variant
Q99829_20:35793003:T:C,upstream_gene_variant
Q99829_20:35795712:A:G,upstream_gene_variant
Q99829_20:35795941:G:C,upstream_gene_variant
Q99829_20:35797042:C:G,upstream_gene_variant
Q99829_20:35797289:C:G,upstream_gene_variant
Q99829_20:35800884:G:A,upstream_gene_variant
Q99829_20:35803130:T:C,upstream_gene_variant
Q99829_20:35804254:G:C,upstream_gene_variant
Q99829_20:35804542:A:G,upstream_gene_variant
Q99829_20:35805152:A:T,upstream_gene_variant
Q99829_20:35805894:C:G,upstream_gene_variant
Q99829_20:35806081:T:A,upstream_gene_variant
Q99829_20:35806619:C:T,upstream_gene_variant
Q99829_20:35809267:G:T,upstream_gene_variant
Q99829_20:35810706:T:C,upstream_gene_variant
Q99829_20:35812835:T:A,upstream_gene_variant
Q99829_20:35813128:C:T,upstream_gene_variant
Q99829_20:35814829:C:T,upstream_gene_variant
Q99829_20:35817268:T:C,upstream_gene_variant
Q99829_20:35819776:C:T,upstream_gene_variant
Q99829_20:35824127:G:A,upstream_gene_variant
Q99829_20:35825725:T:C,upstream_gene_variant
Q99829_20:35825741:A:G,upstream_gene_variant
Q99829_20:35826396:C:T,upstream_gene_variant
Q99829_20:35827151:G:T,upstream_gene_variant
Q99829_20:35827277:T:C,upstream_gene_variant
Q99829_20:35827656:T:C,upstream_gene_variant
Q99829_20:35830024:C:T,upstream_gene_variant
Q99829_20:35830074:T:C,upstream_gene_variant
Q99829_20:35831742:T:C,upstream_gene_variant
Q99829_20:35831962:G:A,upstream_gene_variant
Q99829_20:35834298:T:G,upstream_gene_variant
Q99829_20:35834542:C:T,upstream_gene_variant
Q99829_20:35834679:G:A,upstream_gene_variant
Q99829_20:35835052:G:T,upstream_gene_variant
Q99829_20:35835264:G:A,upstream_gene_variant
Q99829_20:35836770:C:T,upstream_gene_variant
Q99829_20:35838046:A:G,upstream_gene_variant
Q99829_20:35839270:A:G,upstream_gene_variant
Q99829_20:35839661:G:A,upstream_gene_variant
Q99829_20:35840156:A:T,upstream_gene_variant
Q99829_20:35842052:G:A,upstream_gene_variant
Q99829_20:35843019:G:A,upstream_gene_variant
Q99829_20:35843455:G:A,upstream_gene_variant
Q99829_20:35844748:A:G,upstream_gene_variant
Q99829_20:35844862:A:G,upstream_gene_variant
Q99829_20:35844960:A:G,upstream_gene_variant
Q99829_20:35845639:C:T,upstream_gene_variant
Q99829_20:35846005:T:C,upstream_gene_variant
Q99829_20:35846994:G:A,upstream_gene_variant
Q99829_20:35850137:C:T,upstream_gene_variant
Q99829_20:35850261:C:T,upstream_gene_variant
Q99829_20:35850395:A:G,upstream_gene_variant
Q99829_20:35850661:T:C,upstream_gene_variant
Q99829_20:35851469:G:A,upstream_gene_variant
Q99829_20:35853619:A:G,upstream_gene_variant
Q99829_20:35854750:A:G,upstream_gene_variant
Q99829_20:35854809:G:A,upstream_gene_variant
Q99829_20:35855251:G:C,upstream_gene_variant
Q99829_20:35855971:A:G,upstream_gene_variant
Q99829_20:35857220:G:A,upstream_gene_variant
Q99829_20:35857242:G:A,upstream_gene_variant
Q99829_20:35857641:G:A,upstream_gene_variant
Q99829_20:35857819:T:C,upstream_gene_variant
Q99829_20:35858473:A:G,upstream_gene_variant
Q99829_20:35858904:A:G,upstream_gene_variant
Q99829_20:35859238:G:A,upstream_gene_variant
Q99829_20:35859787:T:C,upstream_gene_variant
Q99829_20:35860465:G:T,upstream_gene_variant
Q99829_20:35860851:G:C,upstream_gene_variant
Q99829_20:35860888:G:A,upstream_gene_variant
Q99829_20:35861918:G:T,upstream_gene_variant
Q99829_20:35861929:C:T,upstream_gene_variant
Q99829_20:35862699:T:C,upstream_gene_variant
Q99829_20:35868782:A:G,upstream_gene_variant
Q99829_20:35869591:G:A,upstream_gene_variant
Q99829_20:35874628:C:T,upstream_gene_variant
Q99829_20:35874745:T:A,upstream_gene_variant
Q99829_20:35876336:C:T,upstream_gene_variant
Q99829_20:35876463:C:T,upstream_gene_variant
Q99829_20:35877492:T:C,upstream_gene_variant
Q99829_20:35879293:T:C,upstream_gene_variant
Q99829_20:35884183:C:T,upstream_gene_variant
Q99829_20:35887025:A:G,upstream_gene_variant
Q99829_20:35887116:A:G,upstream_gene_variant
Q99829_20:35888727:T:C,upstream_gene_variant
Q99829_20:35890962:T:C,upstream_gene_variant
Q99829_20:35891032:C:T,upstream_gene_variant
Q99829_20:35891355:C:T,upstream_gene_variant
Q99829_20:35891845:A:G,upstream_gene_variant
Q99829_20:35892635:G:T,upstream_gene_variant
Q99829_20:35893121:G:T,upstream_gene_variant
Q99829_20:35893221:C:T,upstream_gene_variant
Q99829_20:35893717:T:C,upstream_gene_variant
Q99829_20:35894474:T:C,upstream_gene_variant
Q99829_20:35895859:A:G,upstream_gene_variant
Q99829_20:35897826:T:C,upstream_gene_variant
Q99829_20:35898171:A:G,upstream_gene_variant
Q99829_20:35899999:G:A,upstream_gene_variant
Q99829_20:35901087:G:A,upstream_gene_variant
Q99829_20:35903188:C:A,upstream_gene_variant
Q99829_20:35903421:A:G,upstream_gene_variant
Q99829_20:35903608:A:G,upstream_gene_variant
Q99829_20:35904638:A:T,upstream_gene_variant
Q99829_20:35905052:C:T,upstream_gene_variant
Q99829_20:35905692:C:T,upstream_gene_variant
Q99829_20:35908240:G:T,upstream_gene_variant
Q99829_20:35909738:G:C,upstream_gene_variant
Q99829_20:35910629:T:C,upstream_gene_variant
Q99829_20:35911189:C:T,upstream_gene_variant
Q99829_20:35911446:C:T,upstream_gene_variant
Q99829_20:35912040:A:G,upstream_gene_variant
Q99829_20:35912074:G:A,upstream_gene_variant
Q99829_20:35912591:G:A,upstream_gene_variant
Q99829_20:35914185:G:A,upstream_gene_variant
Q99829_20:35917132:A:G,upstream_gene_variant
Q99829_20:35918225:T:C,upstream_gene_variant
Q99829_20:35918409:G:A,upstream_gene_variant
Q99829_20:35919968:G:C,upstream_gene_variant
Q99829_20:35919999:C:T,upstream_gene_variant
Q99829_20:35920170:C:T,upstream_gene_variant
Q99829_20:35921185:T:C,upstream_gene_variant
Q99829_20:35923267:T:C,upstream_gene_variant
Q99829_20:35923901:A:G,upstream_gene_variant
Q99829_20:35924101:G:A,upstream_gene_variant
Q99829_20:35924250:A:G,upstream_gene_variant
Q99829_20:35924684:C:G,upstream_gene_variant
Q99829_20:35926108:T:C,upstream_gene_variant
Q99829_20:35928363:C:G,upstream_gene_variant
Q99829_20:35928809:C:G,upstream_gene_variant
Q99829_20:35930003:A:T,upstream_gene_variant
Q99829_20:35930670:C:T,upstream_gene_variant
Q99829_20:35932516:T:C,upstream_gene_variant
Q99829_20:35933443:C:T,upstream_gene_variant
Q99829_20:35934138:C:T,upstream_gene_variant
Q99829_20:35934598:T:C,upstream_gene_variant
Q99829_20:35935911:C:T,upstream_gene_variant
Q99829_20:35936572:T:C,upstream_gene_variant
Q99829_20:35937724:G:C,upstream_gene_variant
Q99829_20:35937916:G:C,upstream_gene_variant
Q99829_20:35941984:T:C,upstream_gene_variant
Q99829_20:35942348:A:G,upstream_gene_variant
Q99829_20:35944075:T:A,upstream_gene_variant
Q99829_20:35947451:T:C,upstream_gene_variant
Q99829_20:35948100:A:G,upstream_gene_variant
Q99829_20:35948133:A:G,upstream_gene_variant
Q99829_20:35949238:G:A,upstream_gene_variant
Q99829_20:35949965:G:A,upstream_gene_variant
Q99829_20:35951674:G:A,upstream_gene_variant
Q99829_20:35954443:C:G,upstream_gene_variant
Q99829_20:35955203:G:A,upstream_gene_variant
Q99829_20:35955912:A:G,upstream_gene_variant
Q99829_20:35956352:A:G,upstream_gene_variant
Q99829_20:35956725:T:C,upstream_gene_variant
Q99829_20:35957936:T:C,upstream_gene_variant
Q99829_20:35958091:A:C,upstream_gene_variant
Q99829_20:35958578:A:G,upstream_gene_variant
Q99829_20:35958736:G:A,upstream_gene_variant
Q99829_20:35959841:T:C,upstream_gene_variant
Q99829_20:35960414:A:C,upstream_gene_variant
Q99829_20:35960943:C:T,upstream_gene_variant
Q99829_20:35962025:G:C,upstream_gene_variant
Q99829_20:35963585:A:G,upstream_gene_variant
Q99829_20:35964978:T:G,upstream_gene_variant
Q99829_20:35966026:C:T,upstream_gene_variant
Q99829_20:35967523:C:A,upstream_gene_variant
Q99829_20:35967956:C:T,upstream_gene_variant
Q99829_20:35968078:G:A,upstream_gene_variant
Q99829_20:35968083:T:C,upstream_gene_variant
Q99829_20:35968294:A:G,upstream_gene_variant
Q99829_20:35969082:G:C,upstream_gene_variant
Q99829_20:35970581:G:A,upstream_gene_variant
Q99829_20:35972604:G:A,upstream_gene_variant
Q9H7C9_11:77534683:A:G,upstream_gene_variant
Q9H7C9_11:77534902:C:T,upstream_gene_variant
Q9H7C9_11:77539867:G:A,upstream_gene_variant
Q9H7C9_11:77542743:G:A,upstream_gene_variant
Q9H7C9_11:77543221:C:T,upstream_gene_variant
Q9H7C9_11:77546759:C:T,upstream_gene_variant
Q9H7C9_11:77565417:G:A,upstream_gene_variant
Q9H7C9_11:77569045:G:C,upstream_gene_variant
Q9H7C9_11:77570429:T:C,upstream_gene_variant
Q9H7C9_11:77570544:T:G,upstream_gene_variant
Q9H7C9_11:77570980:G:A,upstream_gene_variant
Q9H7C9_11:77571036:G:A,upstream_gene_variant
Q9H7C9_11:77571162:T:C,upstream_gene_variant
Q9H7C9_11:77571465:A:G,upstream_gene_variant
Q9H7C9_11:77572010:C:T,upstream_gene_variant
Q9H7C9_11:77572349:A:T,upstream_gene_variant
Q9H7C9_11:77572350:C:T,upstream_gene_variant
Q9H7C9_11:77572627:T:C,upstream_gene_variant
Q9H7C9_11:77572642:G:A,upstream_gene_variant
Q9H7C9_11:77572837:C:T,upstream_gene_variant
Q9H7C9_11:77573841:G:A,upstream_gene_variant
Q9H7C9_11:77573903:G:A,upstream_gene_variant
Q9H7C9_11:77573946:C:G,upstream_gene_variant
Q9H7C9_11:77574366:G:T,upstream_gene_variant
Q9H7C9_11:77577450:A:G,upstream_gene_variant
Q9H7C9_11:77578045:C:T,upstream_gene_variant
Q9H7C9_11:77578633:G:A,upstream_gene_variant
Q9H7C9_11:77579790:A:C,upstream_gene_variant
Q9H7C9_11:77580412:T:C,upstream_gene_variant
Q9H7C9_11:77581605:C:T,upstream_gene_variant
Q9H7C9_11:77581662:A:T,upstream_gene_variant
Q9H7C9_11:77581812:A:G,upstream_gene_variant
Q9H7C9_11:77583640:T:C,upstream_gene_variant
Q9H7C9_11:77584534:G:C,upstream_gene_variant
Q9H7C9_11:77585010:C:T,upstream_gene_variant
Q9H7C9_11:77585051:T:C,upstream_gene_variant
Q9H7C9_11:77585274:C:T,upstream_gene_variant
Q9H7C9_11:77587247:G:C,upstream_gene_variant
Q9H7C9_11:77587361:C:G,upstream_gene_variant
Q9H7C9_11:77587770:C:T,upstream_gene_variant
Q9H7C9_11:77587841:A:G,upstream_gene_variant
Q9H7C9_11:77588406:G:A,upstream_gene_variant
Q9H7C9_11:77589598:C:A,upstream_gene_variant
Q9H7C9_11:77589696:G:T,upstream_gene_variant
Q9H7C9_11:77590296:G:A,upstream_gene_variant
Q9H7C9_11:77593437:T:C,upstream_gene_variant
Q9H7C9_11:77594910:G:A,upstream_gene_variant
Q9H7C9_11:77595209:C:T,upstream_gene_variant
Q9H7C9_11:77596615:C:T,upstream_gene_variant
Q9H7C9_11:77596617:G:A,upstream_gene_variant
Q9H7C9_11:77598197:G:T,upstream_gene_variant
Q9H7C9_11:77598750:T:G,upstream_gene_variant
Q9H7C9_11:77600109:G:A,upstream_gene_variant
Q9H7C9_11:77600214:C:T,upstream_gene_variant
Q9H7C9_11:77601827:C:T,upstream_gene_variant
Q9H7C9_11:77602538:G:A,upstream_gene_variant
Q9H7C9_11:77603019:A:G,upstream_gene_variant
Q9H7C9_11:77603088:A:G,upstream_gene_variant
Q9H7C9_11:77605332:A:G,upstream_gene_variant
Q9H7C9_11:77605676:C:A,upstream_gene_variant
Q9H7C9_11:77606841:C:T,upstream_gene_variant
Q9H7C9_11:77607033:T:A,upstream_gene_variant
Q9H7C9_11:77607161:A:T,upstream_gene_variant
Q9H7C9_11:77607234:C:A,upstream_gene_variant
Q9H7C9_11:77607721:C:G,upstream_gene_variant
Q9H7C9_11:77609164:T:C,upstream_gene_variant
Q9H7C9_11:77610267:T:C,upstream_gene_variant
Q9H7C9_11:77611377:G:A,upstream_gene_variant
Q9H7C9_11:77614177:A:G,upstream_gene_variant
Q9H7C9_11:77614539:T:G,upstream_gene_variant
Q9H7C9_11:77620249:G:A,upstream_gene_variant
Q9H7C9_11:77620620:A:G,upstream_gene_variant
Q9H7C9_11:77620643:A:C,upstream_gene_variant
Q9H7C9_11:77622280:A:C,upstream_gene_variant
Q9H7C9_11:77623038:C:A,upstream_gene_variant
Q9H7C9_11:77623894:G:A,upstream_gene_variant
Q9H7C9_11:77625964:A:C,upstream_gene_variant
Q9H7C9_11:77626017:G:C,upstream_gene_variant
Q9H7C9_11:77626076:A:G,upstream_gene_variant
Q9H7C9_11:77628622:A:G,upstream_gene_variant
Q9H7C9_11:77629078:C:T,upstream_gene_variant
Q9H7C9_11:77629291:C:G,upstream_gene_variant
Q9H7C9_11:77630261:G:A,upstream_gene_variant
Q9H7C9_11:77630688:T:C,upstream_gene_variant
Q9H7C9_11:77632462:C:A,upstream_gene_variant
Q9H7C9_11:77633301:G:C,upstream_gene_variant
Q9H7C9_11:77635099:C:G,upstream_gene_variant
Q9H7C9_11:77635840:C:T,upstream_gene_variant
Q9H7C9_11:77635916:T:C,upstream_gene_variant
Q9H7C9_11:77638136:T:C,upstream_gene_variant
Q9H7C9_11:77638139:G:C,upstream_gene_variant
Q9H7C9_11:77639166:C:T,upstream_gene_variant
Q9H7C9_11:77639714:C:T,upstream_gene_variant
Q9H7C9_11:77639914:G:A,upstream_gene_variant
Q9H7C9_11:77642962:T:C,upstream_gene_variant
Q9H7C9_11:77644054:T:C,upstream_gene_variant
Q9H7C9_11:77646117:T:G,upstream_gene_variant
Q9H7C9_11:77648864:G:C,upstream_gene_variant
Q9H7C9_11:77648865:C:T,upstream_gene_variant
Q9H7C9_11:77650965:C:T,upstream_gene_variant
Q9H7C9_11:77651031:A:C,upstream_gene_variant
Q9H7C9_11:77651136:G:A,upstream_gene_variant
Q9H7C9_11:77651869:C:G,upstream_gene_variant
Q9H7C9_11:77653526:T:A,upstream_gene_variant
Q9H7C9_11:77653897:A:G,upstream_gene_variant
Q9H7C9_11:77658006:T:C,upstream_gene_variant
Q9H7C9_11:77659713:T:C,upstream_gene_variant
Q9H7C9_11:77659852:C:T,upstream_gene_variant
Q9H7C9_11:77660449:G:C,upstream_gene_variant
Q9H7C9_11:77662369:T:G,upstream_gene_variant
Q9H7C9_11:77665202:C:T,upstream_gene_variant
Q9H7C9_11:77667343:T:C,upstream_gene_variant
Q9H7C9_11:77667460:A:G,upstream_gene_variant
Q9H7C9_11:77668543:T:G,upstream_gene_variant
Q9H7C9_11:77669189:C:T,upstream_gene_variant
Q9H7C9_11:77669448:T:C,upstream_gene_variant
Q9H7C9_11:77669820:A:G,upstream_gene_variant
Q9H7C9_11:77670427:G:A,upstream_gene_variant
Q9H7C9_11:77670706:T:C,upstream_gene_variant
Q9H7C9_11:77672379:G:C,upstream_gene_variant
Q9H7C9_11:77674923:C:T,upstream_gene_variant
Q9H7C9_11:77679613:A:C,upstream_gene_variant
Q9H7C9_11:77680639:C:A,upstream_gene_variant
Q9H7C9_11:77684207:T:A,upstream_gene_variant
Q9H7C9_11:77684652:G:A,upstream_gene_variant
Q9H7C9_11:77686014:A:G,upstream_gene_variant
Q9H7C9_11:77687523:T:C,upstream_gene_variant
Q9H7C9_11:77687631:T:C,upstream_gene_variant
Q9H7C9_11:77688429:T:C,upstream_gene_variant
Q9H7C9_11:77691374:T:C,upstream_gene_variant
Q9H7C9_11:77691644:T:A,upstream_gene_variant
Q9H7C9_11:77691689:C:A,upstream_gene_variant
Q9H7C9_11:77692656:C:G,upstream_gene_variant
Q9H7C9_11:77694147:G:T,upstream_gene_variant
Q9H7C9_11:77694522:T:C,upstream_gene_variant
Q9H7C9_11:77694769:A:C,upstream_gene_variant
Q9H7C9_11:77697234:G:A,upstream_gene_variant
Q9H7C9_11:77697381:T:C,upstream_gene_variant
Q9H7C9_11:77697832:C:T,upstream_gene_variant
Q9H7C9_11:77698362:C:T,upstream_gene_variant
Q9H7C9_11:77698523:T:C,upstream_gene_variant
Q9H7C9_11:77700136:A:G,upstream_gene_variant
Q9H7C9_11:77703337:T:C,upstream_gene_variant
Q9H7C9_11:77703887:C:T,upstream_gene_variant
Q9H7C9_11:77704187:G:A,upstream_gene_variant
Q9H7C9_11:77704497:G:A,upstream_gene_variant
Q9H7C9_11:77704529:T:C,upstream_gene_variant
Q9H7C9_11:77707657:C:T,upstream_gene_variant
Q9H7C9_11:77707835:C:T,upstream_gene_variant
Q9H7C9_11:77711590:C:T,upstream_gene_variant
Q9H7C9_11:77714040:C:T,upstream_gene_variant
Q9H7C9_11:77714114:A:T,upstream_gene_variant
Q9H7C9_11:77714943:A:C,upstream_gene_variant
Q9H7C9_11:77718908:A:G,upstream_gene_variant
Q9H7C9_11:77719607:C:T,upstream_gene_variant
Q9H7C9_11:77720822:T:C,upstream_gene_variant
Q9H7C9_11:77722482:T:C,upstream_gene_variant
Q9H7C9_11:77722899:C:G,upstream_gene_variant
Q9H7C9_11:77723080:C:T,upstream_gene_variant
Q9H7C9_11:77723216:T:C,upstream_gene_variant
Q9H7C9_11:77723420:A:C,upstream_gene_variant
Q9H7C9_11:77728450:A:G,upstream_gene_variant
Q9H7C9_11:77729061:A:G,upstream_gene_variant
Q9H7C9_11:77730337:C:T,upstream_gene_variant
Q9H7C9_11:77730546:C:T,upstream_gene_variant
Q9H7C9_11:77730676:G:A,upstream_gene_variant
Q9H7C9_11:77730928:A:G,upstream_gene_variant
Q9H7C9_11:77732859:T:C,upstream_gene_variant
Q9H7C9_11:77733424:C:T,upstream_gene_variant
Q9H7C9_11:77735006:T:C,upstream_gene_variant
Q9H7C9_11:77735072:C:T,upstream_gene_variant
Q9H7C9_11:77735315:C:T,upstream_gene_variant
Q9H7C9_11:77736023:C:T,upstream_gene_variant
Q9H7C9_11:77742067:C:G,upstream_gene_variant
Q9H7C9_11:77742322:C:T,upstream_gene_variant
Q9H7C9_11:77743031:C:T,upstream_gene_variant
Q9H7C9_11:77743212:A:G,upstream_gene_variant
Q9H7C9_11:77743237:T:C,upstream_gene_variant
Q9H7C9_11:77744538:A:G,upstream_gene_variant
Q9H7C9_11:77745328:C:T,upstream_gene_variant
Q9H7C9_11:77746712:A:G,upstream_gene_variant
Q9H7C9_11:77747862:G:T,upstream_gene_variant
Q9H7C9_11:77749569:A:G,upstream_gene_variant
Q9H7C9_11:77752679:C:T,upstream_gene_variant
Q9H7C9_11:77752946:T:C,upstream_gene_variant
Q9H7C9_11:77754949:C:A,upstream_gene_variant
Q9H7C9_11:77755289:G:A,upstream_gene_variant
Q9H7C9_11:77759541:A:T,upstream_gene_variant
Q9H7C9_11:77760856:A:G,upstream_gene_variant
Q9H7C9_11:77762164:T:C,upstream_gene_variant
Q9H7C9_11:77762338:C:T,upstream_gene_variant
Q9H7C9_11:77764122:G:C,upstream_gene_variant
Q9H7C9_11:77764461:C:T,upstream_gene_variant
Q9H7C9_11:77765028:C:T,upstream_gene_variant
Q9H7C9_11:77766783:T:C,upstream_gene_variant
Q9H7C9_11:77767063:G:A,upstream_gene_variant
Q9H7C9_11:77767734:C:T,upstream_gene_variant
Q9H7C9_11:77768045:C:T,upstream_gene_variant
Q9H7C9_11:77768219:G:A,upstream_gene_variant
Q9H7C9_11:77768248:T:C,upstream_gene_variant
Q9H7C9_11:77769498:T:G,upstream_gene_variant
Q9H7C9_11:77775324:A:T,upstream_gene_variant
Q9H7C9_11:77777763:C:T,upstream_gene_variant
Q9H7C9_11:77778679:C:T,upstream_gene_variant
Q9H7C9_11:77778805:C:A,upstream_gene_variant
Q9H7C9_11:77781895:C:G,upstream_gene_variant
Q9H7C9_11:77784102:G:C,upstream_gene_variant
Q9H7C9_11:77784110:C:A,upstream_gene_variant
Q9H7C9_11:77784599:C:T,upstream_gene_variant
Q9H7C9_11:77784850:A:G,upstream_gene_variant
Q9H7C9_11:77785126:C:T,upstream_gene_variant
Q9H7C9_11:77785791:C:T,upstream_gene_variant
Q9H7C9_11:77786701:C:T,upstream_gene_variant
Q9H7C9_11:77787562:C:T,upstream_gene_variant
Q9H7C9_11:77787569:T:C,upstream_gene_variant
Q9H7C9_11:77787881:G:C,upstream_gene_variant
Q9H7C9_11:77789690:C:T,upstream_gene_variant
Q9H7C9_11:77790057:A:G,upstream_gene_variant
Q9H7C9_11:77790937:A:G,upstream_gene_variant
Q9H7C9_11:77791086:C:T,upstream_gene_variant
Q9H7C9_11:77791424:C:G,upstream_gene_variant
Q9H7C9_11:77791473:A:C,upstream_gene_variant
Q9H7C9_11:77791586:T:C,upstream_gene_variant
Q9H7C9_11:77792914:C:G,upstream_gene_variant
Q9H7C9_11:77793663:C:T,upstream_gene_variant
Q9H7C9_11:77794433:C:T,upstream_gene_variant
Q9H7C9_11:77794998:C:T,upstream_gene_variant
Q9H7C9_11:77796152:G:A,upstream_gene_variant
Q9H7C9_11:77796165:C:T,upstream_gene_variant
Q9H7C9_11:77796286:G:C,upstream_gene_variant
Q9H7C9_11:77796374:G:T,upstream_gene_variant
Q9H7C9_11:77797167:C:T,upstream_gene_variant
Q9H7C9_11:77798371:C:T,upstream_gene_variant
Q9H7C9_11:77802342:T:C,upstream_gene_variant
Q9H7C9_11:77803170:G:T,upstream_gene_variant
Q9H7C9_11:77803388:T:G,upstream_gene_variant
Q9H7C9_11:77805190:G:C,upstream_gene_variant
Q9H7C9_11:77806766:C:A,upstream_gene_variant
Q9H7C9_11:77806927:T:G,upstream_gene_variant
Q9H7C9_11:77807634:A:G,upstream_gene_variant
Q9H7C9_11:77807764:G:C,upstream_gene_variant
Q9H7C9_11:77808469:G:C,upstream_gene_variant
Q9H7C9_11:77809165:T:C,upstream_gene_variant
Q9H7C9_11:77810344:A:G,upstream_gene_variant
Q9H7C9_11:77811631:C:T,upstream_gene_variant
Q9H7C9_11:77811931:G:T,upstream_gene_variant
Q9H7C9_11:77812038:T:C,upstream_gene_variant
Q9H7C9_11:77812419:T:A,upstream_gene_variant
Q9H7C9_11:77812438:C:T,upstream_gene_variant
Q9H7C9_11:77813676:T:G,upstream_gene_variant
Q9H7C9_11:77814264:G:A,upstream_gene_variant
Q9H7C9_11:77814358:C:G,upstream_gene_variant
Q9H7C9_11:77814608:A:G,upstream_gene_variant
Q9H7C9_11:77814692:G:A,upstream_gene_variant
Q9H7C9_11:77923491:T:A,downstream_gene_variant
Q9H7C9_11:77924138:T:C,downstream_gene_variant
Q9H7C9_11:77925604:T:C,downstream_gene_variant
Q9H7C9_11:77926524:T:C,downstream_gene_variant
Q9H7C9_11:77926759:C:T,downstream_gene_variant
Q9H7C9_11:77927135:A:G,downstream_gene_variant
Q9H7C9_11:77927510:G:A,downstream_gene_variant
Q9H7C9_11:77928074:T:C,downstream_gene_variant
Q9H7C9_11:77930313:A:G,downstream_gene_variant
Q9H7C9_11:77935470:G:A,downstream_gene_variant
Q9H7C9_11:77940145:G:A,downstream_gene_variant
Q9H7C9_11:77944635:G:A,downstream_gene_variant
Q9H7C9_11:77946520:G:A,downstream_gene_variant
Q9H7C9_11:77946730:C:A,downstream_gene_variant
Q9H7C9_11:77946876:A:G,downstream_gene_variant
Q9H7C9_11:77948325:C:T,downstream_gene_variant
Q9H7C9_11:77949117:A:G,downstream_gene_variant
Q9H7C9_11:77950805:T:C,downstream_gene_variant
Q9H7C9_11:77954682:C:T,downstream_gene_variant
Q9H7C9_11:77959421:T:A,downstream_gene_variant
Q9H7C9_11:77961819:A:G,downstream_gene_variant
Q9H7C9_11:77963316:T:C,downstream_gene_variant
Q9H7C9_11:77965081:A:C,downstream_gene_variant
Q9H7C9_11:77969412:G:A,downstream_gene_variant
Q9H7C9_11:77969602:G:A,downstream_gene_variant
Q9H7C9_11:77970147:A:G,downstream_gene_variant
Q9H7C9_11:77972273:A:G,downstream_gene_variant
Q9H7C9_11:77973902:C:T,downstream_gene_variant
Q9H7C9_11:77976152:T:C,downstream_gene_variant
Q9H7C9_11:77977198:C:T,downstream_gene_variant
Q9H7C9_11:77977395:C:A,downstream_gene_variant
Q9H7C9_11:77979380:T:C,downstream_gene_variant
Q9H7C9_11:77982533:C:T,downstream_gene_variant
Q9H7C9_11:77988046:C:A,downstream_gene_variant
Q9H7C9_11:77989151:G:A,downstream_gene_variant
Q9H7C9_11:77989214:G:A,downstream_gene_variant
Q9H7C9_11:77990629:C:T,downstream_gene_variant
Q9H7C9_11:77991632:G:C,downstream_gene_variant
Q9H7C9_11:77991815:T:C,downstream_gene_variant
Q9H7C9_11:77992937:C:A,downstream_gene_variant
Q9HA64_17:82738746:A:C,downstream_gene_variant
Q9HA64_17:82750725:C:G,downstream_gene_variant
Q9HA64_17:82751493:T:C,downstream_gene_variant
Q9HA64_17:82751805:G:C,downstream_gene_variant
Q9HA64_17:82752739:C:T,downstream_gene_variant
Q9HA64_17:82753824:A:G,downstream_gene_variant
Q9HA64_17:82756668:C:T,downstream_gene_variant
Q9HA64_17:82765486:A:G,downstream_gene_variant
Q9HA64_17:82771705:C:T,downstream_gene_variant
Q9HA64_17:82774387:C:T,downstream_gene_variant
Q9HA64_17:82783318:G:A,downstream_gene_variant
Q9HA64_17:82783736:G:A,downstream_gene_variant
Q9HA64_17:82801960:A:G,downstream_gene_variant
Q9NWV4_1:53033368:C:T,downstream_gene_variant
Q9NZ08_5:96744764:C:T,downstream_gene_variant
Q9NZ08_5:96745179:A:G,downstream_gene_variant
Q9NZ08_5:96745230:C:T,downstream_gene_variant
Q9NZ08_5:96753407:G:A,downstream_gene_variant
Q9NZ08_5:96753954:G:A,downstream_gene_variant
Q9NZ08_5:96813503:T:A,upstream_gene_variant
Q9NZ08_5:96813514:G:A,upstream_gene_variant
Q9NZ08_5:96825057:T:A,upstream_gene_variant
Q9NZ08_5:96851492:C:G,upstream_gene_variant
Q9NZ08_5:96851563:C:G,upstream_gene_variant
Q9UBF2_7:130677714:T:C,upstream_gene_variant
Q9UFN0_9:104771445:G:A,downstream_gene_variant
Q9UFN0_9:104773583:C:G,downstream_gene_variant
Q9UFN0_9:104775400:G:A,downstream_gene_variant
Q9UFN0_9:104777908:G:T,downstream_gene_variant
Q9UFN0_9:104778003:C:T,downstream_gene_variant
Q9Y6N5_15:45750399:G:A,downstream_gene_variant
Q9Y6N5_15:45765416:G:A,downstream_gene_variant
Q9Y6N5_15:45767239:T:C,downstream_gene_variant
Q9Y6N5_15:45776743:A:C,downstream_gene_variant
Q9Y6N5_15:45781261:G:T,downstream_gene_variant
Q9Y6N5_15:45795754:G:C,downstream_gene_variant
Q9Y6N5_15:45797924:T:C,downstream_gene_variant
Q9Y6N5_15:45798785:G:A,downstream_gene_variant
Q9Y6N5_15:45799596:T:C,downstream_gene_variant
